AreaCB,AreaCH,PerimeterCH,MaxD,MinD,AverageD,PointsCH,AverageA,slice0,slice1,slice2,slice3,slice4,slice5,slice6,slice7,slice8,slice9,class
0,-nan(ind),-nan(ind),3.037e+09,3.037e+09,3.037e+09,1,-2.35619,0,0,0,0,0,0,0,0,0,1,0
0,-nan(ind),-nan(ind),3.037e+09,3.037e+09,3.037e+09,1,-2.35619,0,0,0,0,0,0,0,0,0,1,0
-0.0302416,-0.780586,1.31933,59.4054,15.6205,38.9656,0.0441176,1.19224,38,33,39,31,17,32,48,40,29,33,1
1.35522e-05,1,1,1,1,1,1,0,1,0,1,0,0,1,0,1,0,0,0
0,-nan(ind),1,3.037e+09,3.037e+09,3.037e+09,0.2,-2.35619,10,0,0,0,0,0,0,0,0,0,0
-0.00472293,-0.931818,1.04404,25.0599,9.21954,15.729,0.137255,2.65871,9,10,9,8,17,14,7,5,11,12,0
-0.000264267,-0.917647,1.03,9.48683,1.41421,4.60166,0.2,0.837469,10,3,1,1,2,2,3,3,2,3,0
